"full_name","first_name","last_name","email","gender","age"
"Mariel Finnigan","Mariel","Finnigan","mfinnigan0@usda.gov","Female","60"
"Kenyon Possek","Kenyon","Possek","kpossek1@ucoz.com","Male","12"
"Lalo Manifould","Lalo","Manifould","lmanifould2@pbs.org","Male","26"
"Nickola Carous","Nickola","Carous","ncarous3@phoca.cz","Male","4"
"Norman Dubbin","Norman","Dubbin","ndubbin4@wikipedia.org","Male","17"
"Franz Castello","Franz","Castello","fcastello6@1688.com","Male","25"
"Jorge Tarney","Jorge","Tarney","jtarney7@ft.com","Male","77"
"Eunice Blakebrough","Eunice","Blakebrough","eblakebrough8@sohu.com","Female","45"
"Palm Domotor","Palm","Domotor","pdomotora@github.io","Male","6"
"Luz Lansdowne","Luz","Lansdowne","llansdowneb@theguardian.com","Female","16"
"Modestia Keble","Modestia","Keble","mkeblec@cmu.edu","Female","91"
"Stacee Bovis","Stacee","Bovis","sbovisd@webeden.co.uk","Female","22"
"Eden Wace","Eden","Wace","ewacee@marriott.com","Female","16"
"Tobias Sherburn","Tobias","Sherburn","tsherburnf@facebook.com","Male","2"
"Mathew Addicott","Mathew","Addicott","maddicotth@acquirethisname.com","Male","65"
